#filename,file_size,file_attributes,region_count,region_id,region_shape_attributes,region_attributes
frame0.jpg,196478,"{}",1,0,"{""name"":""polygon"",""all_points_x"":[37,46,142,255,349,423,447,446,446,447,446,394,311,223,127,107,118,130,139,196,242,284,341,380,441,509,571,630,684,754,811,878,893,912,932,933,848,756,665,619,632,642,756,836,896,943,972,982,987,991,894,767,601,435,267,140,37],""all_points_y"":[573,388,391,391,389,388,388,325,264,209,180,182,183,188,194,195,144,95,62,55,51,47,44,43,41,40,42,46,49,56,63,73,76,130,197,200,191,185,181,181,292,386,384,382,380,379,376,456,502,547,567,584,597,602,597,586,573]}","{""Classes"":""h""}"
frame20.jpg,196600,"{}",0,0,"{}","{}"
frame30.jpg,196494,"{}",0,0,"{}","{}"
frame40.jpg,196686,"{}",0,0,"{}","{}"
frame50.jpg,196944,"{}",0,0,"{}","{}"
frame60.jpg,196971,"{}",0,0,"{}","{}"
frame70.jpg,197157,"{}",0,0,"{}","{}"
frame80.jpg,197175,"{}",1,0,"{""name"":""polygon"",""all_points_x"":[2,55,86,124,127,128,127,124,119,54,1,2],""all_points_y"":[443,450,448,454,475,492,506,515,519,516,508,443]}","{""Classes"":""car""}"
frame90.jpg,197112,"{}",1,0,"{""name"":""polygon"",""all_points_x"":[17,62,81,89,113,154,157,156,155,158,158,152,111,62,20,20],""all_points_y"":[441,444,447,446,447,453,472,489,500,513,519,520,516,512,507,445]}","{""Classes"":""car""}"
frame100.jpg,197063,"{}",1,0,"{""name"":""polygon"",""all_points_x"":[48,73,92,113,143,187,190,191,190,185,155,124,91,59,40,39,42,48],""all_points_y"":[447,445,447,449,449,456,481,496,513,522,522,517,513,511,509,477,461,447]}","{""Classes"":""car""}"
frame110.jpg,197721,"{}",1,0,"{""name"":""polygon"",""all_points_x"":[76,95,117,133,141,157,172,192,213,217,218,217,217,214,200,187,165,138,113,84,67,67,69,76],""all_points_y"":[446,446,448,450,452,452,453,454,456,458,470,492,516,526,524,524,522,520,517,515,510,487,465,446]}","{""Classes"":""car""}"
frame120.jpg,197975,"{}",1,0,"{""name"":""polygon"",""all_points_x"":[103,123,143,154,175,205,227,239,252,254,255,254,253,251,248,232,204,176,157,124,99,97,98,100,101,103],""all_points_y"":[450,450,451,452,453,455,457,459,462,474,485,496,508,522,530,531,528,526,523,521,517,499,484,469,459,450]}","{""Classes"":""car""}"
frame130.jpg,197681,"{}",1,0,"{""name"":""polygon"",""all_points_x"":[134,158,174,190,207,213,230,242,259,274,287,294,294,294,294,292,292,277,254,232,208,184,161,138,128,127,130,132,134],""all_points_y"":[451,453,453,455,456,457,456,456,458,460,461,468,478,490,505,525,529,534,533,531,529,526,524,521,516,499,474,461,451]}","{""Classes"":""car""}"
frame140.jpg,199400,"{}",1,0,"{""name"":""polygon"",""all_points_x"":[166,195,217,229,246,263,278,325,329,329,330,329,328,326,320,304,278,253,228,202,176,161,160,158,158,160,161,166],""all_points_y"":[453,454,455,456,456,458,457,463,467,477,492,502,520,532,535,535,534,533,532,529,527,522,519,506,492,478,465,453]}","{""Classes"":""car""}"
frame150.jpg,199656,"{}",1,0,"{""name"":""polygon"",""all_points_x"":[202,210,226,242,254,265,277,290,318,343,366,369,369,370,369,369,369,352,330,313,284,269,247,231,215,208,200,196,195,198,202],""all_points_y"":[457,457,456,456,457,458,459,462,458,459,460,475,485,497,512,527,534,535,534,535,534,533,532,532,530,528,524,509,491,473,457]}","{""Classes"":""car""}"
frame160.jpg,199656,"{}",1,0,"{""name"":""polygon"",""all_points_x"":[242,259,275,289,300,312,327,335,368,395,409,414,415,415,415,415,414,412,399,388,376,360,344,332,317,297,280,266,255,246,241,238,236,239,239,242],""all_points_y"":[459,457,456,458,457,457,457,458,457,459,460,472,485,495,508,518,529,533,534,535,534,535,535,535,536,535,534,534,533,532,526,514,494,478,467,459]}","{""Classes"":""car""}"
frame170.jpg,199720,"{}",1,0,"{""name"":""polygon"",""all_points_x"":[286,303,319,333,344,356,371,379,412,439,453,458,459,459,459,459,458,456,443,432,420,404,388,376,361,341,324,310,299,290,285,282,280,283,283,286],""all_points_y"":[458,456,455,457,456,456,456,457,456,458,459,471,484,494,507,517,528,532,533,534,533,534,534,534,535,534,533,533,532,531,525,513,493,477,466,458]}","{""Classes"":""car""}"
frame180.jpg,199632,"{}",1,0,"{""name"":""polygon"",""all_points_x"":[333,350,366,380,391,403,418,426,459,486,500,505,506,506,506,506,505,503,490,479,467,451,435,423,408,388,371,357,346,337,332,329,327,330,330,333],""all_points_y"":[455,453,452,454,453,453,453,454,453,455,456,468,481,491,504,514,525,529,530,531,530,531,531,531,532,531,530,530,529,528,522,510,490,474,463,455]}","{""Classes"":""car""}"
frame190.jpg,199306,"{}",1,0,"{""name"":""polygon"",""all_points_x"":[374,391,407,421,432,444,459,479,508,530,551,555,556,558,559,561,546,544,531,520,508,492,476,464,449,429,412,398,387,378,373,370,368,371,371,374],""all_points_y"":[457,455,454,456,455,455,455,456,453,452,455,472,487,498,509,525,529,531,532,533,532,533,533,533,534,533,532,532,531,530,524,512,492,476,465,457]}","{""Classes"":""car""}"
frame200.jpg,199450,"{}",1,0,"{""name"":""polygon"",""all_points_x"":[423,440,456,470,481,493,508,528,557,579,600,604,605,607,608,607,595,593,580,569,557,541,525,513,498,478,461,447,436,427,422,419,417,420,420,423],""all_points_y"":[456,454,453,455,454,454,454,455,452,451,454,471,486,497,508,526,528,530,531,532,531,532,532,532,533,532,531,531,530,529,523,511,491,475,464,456]}","{""Classes"":""car""}"
frame210.jpg,199272,"{}",1,0,"{""name"":""polygon"",""all_points_x"":[476,493,509,523,534,546,561,581,610,632,653,657,658,660,661,658,648,646,633,622,610,594,578,566,551,531,514,500,489,480,475,472,470,473,473,476],""all_points_y"":[454,452,451,453,452,452,452,453,450,449,452,469,484,495,506,525,526,528,529,530,529,530,530,530,531,530,529,529,528,527,521,509,489,473,462,454]}","{""Classes"":""car""}"
frame220.jpg,199126,"{}",1,0,"{""name"":""polygon"",""all_points_x"":[531,548,564,578,589,601,616,636,665,687,708,712,713,713,712,709,703,701,688,677,665,649,633,621,606,586,569,555,544,535,530,527,525,528,528,531],""all_points_y"":[452,450,449,451,450,450,450,451,448,447,450,467,482,495,504,517,524,526,527,528,527,528,528,528,529,528,527,527,526,525,519,507,487,471,460,452]}","{""Classes"":""car""}"
frame230.jpg,197486,"{}",1,0,"{""name"":""polygon"",""all_points_x"":[583,600,616,630,641,653,668,688,717,739,755,757,759,760,763,763,755,753,740,729,717,701,685,673,658,638,621,607,596,587,582,579,577,580,580,583],""all_points_y"":[450,448,447,449,448,448,448,449,446,445,453,468,482,494,505,516,522,524,525,526,525,526,526,526,527,526,525,525,524,523,517,505,485,469,458,450]}","{""Classes"":""car""}"
frame240.jpg,197589,"{}",1,0,"{""name"":""polygon"",""all_points_x"":[636,653,669,683,694,706,721,741,770,792,804,806,808,810,810,808,802,806,793,782,770,754,738,726,711,691,674,660,649,640,635,636,632,633,633,636],""all_points_y"":[450,448,447,449,448,448,448,449,446,445,456,471,485,499,509,521,521,524,525,526,525,526,526,526,527,526,525,525,524,523,517,505,485,469,458,450]}","{""Classes"":""car""}"
frame250.jpg,197421,"{}",1,0,"{""name"":""polygon"",""all_points_x"":[695,712,728,742,753,765,780,800,829,847,849,852,853,856,858,858,850,852,846,840,829,813,797,785,770,750,733,719,708,699,694,691,689,692,692,695],""all_points_y"":[446,444,443,445,444,444,444,445,442,446,457,470,483,496,504,511,514,513,516,517,521,522,522,522,523,522,521,521,520,519,513,501,481,465,454,446]}","{""Classes"":""car""}"
frame260.jpg,197283,"{}",1,0,"{""name"":""polygon"",""all_points_x"":[733,747,770,788,803,819,832,836,846,863,876,882,884,885,885,886,886,882,870,843,823,791,779,761,748,737,732,732,733],""all_points_y"":[450,447,445,444,441,440,440,440,438,438,438,455,464,473,481,491,502,505,508,512,514,517,517,519,519,511,492,474,450]}","{""Classes"":""car""}"
frame270.jpg,197513,"{}",1,0,"{""name"":""polygon"",""all_points_x"":[777,791,814,832,847,863,876,880,890,907,920,924,926,929,929,930,930,926,914,887,867,835,823,805,792,781,778,777,777],""all_points_y"":[447,444,442,441,438,437,437,437,435,435,435,451,463,470,478,488,499,502,505,509,511,514,514,516,516,508,491,471,447]}","{""Classes"":""car""}"
frame280.jpg,197818,"{}",1,0,"{""name"":""polygon"",""all_points_x"":[819,833,856,874,889,905,918,922,932,949,952,956,958,962,962,961,958,960,956,929,909,877,865,847,834,823,818,818,819],""all_points_y"":[439,436,434,433,430,429,429,429,427,427,440,449,462,471,476,484,491,488,497,501,503,506,506,508,508,500,481,463,439]}","{""Classes"":""car""}"
frame290.jpg,197677,"{}",1,0,"{""name"":""polygon"",""all_points_x"":[844,860,896,913,934,945,959,971,976,977,980,972,959,936,913,885,870,860,850,850,848,848,847,846,846,846,845,845,844],""all_points_y"":[441,438,433,430,428,425,424,427,447,458,478,488,492,497,501,503,505,505,496,489,485,479,476,468,463,460,452,447,441]}","{""Classes"":""car""}"
frame300.jpg,197667,"{}",1,0,"{""name"":""polygon"",""all_points_x"":[872,882,898,912,935,950,963,985,994,997,1000,1000,1000,983,958,934,913,889,875,874,873,870,872],""all_points_y"":[439,435,431,428,427,424,422,420,428,445,462,471,478,486,492,497,498,501,500,482,471,457,439]}","{""Classes"":""car""}"
frame310.jpg,197429,"{}",1,0,"{""name"":""polygon"",""all_points_x"":[881,893,906,948,963,969,974,987,997,1003,1006,1008,1010,1000,987,967,951,938,918,901,889,883,881,880,881],""all_points_y"":[437,434,432,425,424,424,421,420,420,440,459,471,481,485,489,496,498,498,501,499,497,475,462,445,437]}","{""Classes"":""car""}"
frame320.jpg,197546,"{}",1,0,"{""name"":""polygon"",""all_points_x"":[882,911,935,958,972,997,1002,1004,1007,1008,1007,999,963,943,922,897,893,887,884,882,882],""all_points_y"":[438,428,426,425,423,421,434,448,464,474,481,484,491,496,499,501,501,494,477,462,438]}","{""Classes"":""car""}"
frame330.jpg,197478,"{}",1,0,"{""name"":""polygon"",""all_points_x"":[882,911,935,958,972,997,1002,1004,1007,1008,1007,999,963,943,922,897,893,887,884,882,882],""all_points_y"":[438,428,426,425,423,421,434,448,464,474,481,484,491,496,499,501,501,494,477,462,438]}","{""Classes"":""car""}"
frame340.jpg,197571,"{}",1,0,"{""name"":""polygon"",""all_points_x"":[882,911,935,958,972,997,1002,1004,1007,1008,1007,999,963,943,922,897,893,887,884,882,882],""all_points_y"":[438,428,426,425,423,421,434,448,464,474,481,484,491,496,499,501,501,494,477,462,438]}","{""Classes"":""car""}"
frame350.jpg,197639,"{}",1,0,"{""name"":""polygon"",""all_points_x"":[882,911,935,958,972,997,1002,1004,1007,1008,1007,999,963,943,922,897,893,887,884,882,882],""all_points_y"":[438,428,426,425,423,421,434,448,464,474,481,484,491,496,499,501,501,494,477,462,438]}","{""Classes"":""car""}"
frame360.jpg,197497,"{}",1,0,"{""name"":""polygon"",""all_points_x"":[882,911,935,958,972,997,1002,1004,1007,1008,1007,999,963,943,922,897,893,887,884,882,882],""all_points_y"":[438,428,426,425,423,421,434,448,464,474,481,484,491,496,499,501,501,494,477,462,438]}","{""Classes"":""car""}"
frame370.jpg,197209,"{}",1,0,"{""name"":""polygon"",""all_points_x"":[879,908,932,955,969,994,999,1001,1004,1005,1004,996,960,940,919,894,890,884,881,879,879],""all_points_y"":[436,426,424,423,421,419,432,446,462,472,479,482,489,494,497,499,499,492,475,460,436]}","{""Classes"":""car""}"
frame380.jpg,197686,"{}",1,0,"{""name"":""polygon"",""all_points_x"":[882,911,935,958,972,997,999,1003,1006,1008,1007,999,963,943,922,894,893,886,879,874,882],""all_points_y"":[438,428,426,425,423,421,436,448,464,474,481,484,491,496,499,502,501,497,483,460,438]}","{""Classes"":""car""}"
frame390.jpg,197725,"{}",1,0,"{""name"":""polygon"",""all_points_x"":[873,902,926,949,963,988,996,999,1002,1003,1000,990,954,934,913,889,884,878,875,873,873],""all_points_y"":[440,430,428,427,425,423,438,451,468,478,486,486,493,498,501,504,503,496,479,464,440]}","{""Classes"":""car""}"
frame400.jpg,197580,"{}",1,0,"{""name"":""polygon"",""all_points_x"":[871,903,927,950,964,989,994,996,999,1000,999,991,955,935,914,889,885,875,868,868,871],""all_points_y"":[437,428,427,426,424,422,435,449,465,475,482,485,492,497,500,502,502,498,479,463,437]}","{""Classes"":""car""}"
frame410.jpg,197980,"{}",1,0,"{""name"":""polygon"",""all_points_x"":[865,894,918,941,956,983,989,993,995,995,990,982,946,926,905,880,876,866,863,859,865],""all_points_y"":[443,433,431,430,423,421,439,455,468,478,486,489,496,501,504,509,506,503,482,466,443]}","{""Classes"":""car""}"
frame420.jpg,197895,"{}",1,0,"{""name"":""polygon"",""all_points_x"":[849,878,902,925,939,976,982,986,990,989,982,968,938,913,891,864,860,854,851,849,849],""all_points_y"":[441,431,429,428,426,426,437,450,469,477,491,497,498,503,507,504,504,497,480,465,441]}","{""Classes"":""car""}"
frame430.jpg,197456,"{}",1,0,"{""name"":""polygon"",""all_points_x"":[836,865,889,912,926,965,971,973,976,976,974,955,918,897,876,851,847,841,838,836,836],""all_points_y"":[441,431,429,428,426,428,437,448,461,478,491,492,498,499,502,504,504,497,480,465,441]}","{""Classes"":""car""}"
frame440.jpg,197267,"{}",1,0,"{""name"":""polygon"",""all_points_x"":[829,836,858,875,895,910,923,953,959,961,964,967,967,948,924,904,879,858,839,827,825,825,828,829],""all_points_y"":[444,440,437,435,433,432,428,428,438,451,470,485,491,494,499,501,503,509,508,494,478,466,457,444]}","{""Classes"":""car""}"
frame450.jpg,197721,"{}",1,0,"{""name"":""polygon"",""all_points_x"":[820,817,814,810,808,809,814,819,829,845,861,881,901,912,918,926,938,942,943,944,947,948,951,950,951,940,911,888,863,842,824,820],""all_points_y"":[511,503,494,484,472,461,449,441,439,436,436,433,432,428,428,430,431,431,435,438,450,462,476,483,494,495,501,503,505,510,507,511]}","{""Classes"":""car""}"
frame460.jpg,197574,"{}",1,0,"{""name"":""polygon"",""all_points_x"":[797,806,824,845,868,882,898,926,932,935,936,936,938,917,886,859,833,812,799,797,795,794,794,797],""all_points_y"":[449,445,440,433,433,431,428,432,433,451,464,479,492,499,507,509,511,514,510,501,490,481,470,449]}","{""Classes"":""car""}"
frame470.jpg,197532,"{}",1,0,"{""name"":""polygon"",""all_points_x"":[782,793,814,833,854,869,885,891,920,923,924,925,926,924,908,878,849,823,803,794,790,784,781,783,782],""all_points_y"":[447,445,441,440,438,436,435,435,434,446,458,473,488,497,500,505,510,510,513,512,501,496,482,463,447]}","{""Classes"":""car""}"
frame480.jpg,198175,"{}",1,0,"{""name"":""polygon"",""all_points_x"":[771,782,804,830,849,869,880,903,909,916,917,917,918,896,865,837,811,788,777,770,769,771,773,771],""all_points_y"":[450,445,440,439,437,437,435,434,434,452,466,487,499,503,508,511,512,514,513,497,481,471,461,450]}","{""Classes"":""car""}"
frame490.jpg,197889,"{}",1,0,"{""name"":""polygon"",""all_points_x"":[758,767,794,817,848,868,887,900,905,906,908,908,907,867,837,814,780,768,758,756,758,758],""all_points_y"":[452,446,439,441,438,436,437,437,456,470,484,495,502,507,509,510,512,512,499,482,465,452]}","{""Classes"":""car""}"
frame500.jpg,197879,"{}",1,0,"{""name"":""polygon"",""all_points_x"":[742,753,768,794,822,842,861,893,893,894,894,894,894,884,861,833,801,778,760,748,743,740,742,742],""all_points_y"":[452,446,444,444,445,441,444,446,458,475,487,499,502,511,512,515,516,517,514,513,498,481,470,452]}","{""Classes"":""car""}"
frame510.jpg,197930,"{}",1,0,"{""name"":""polygon"",""all_points_x"":[730,744,779,807,827,845,871,881,880,880,880,878,866,845,818,795,772,745,734,727,727,726,728,728,730],""all_points_y"":[447,441,444,446,448,446,448,455,474,489,503,512,519,517,519,519,517,513,513,502,487,476,463,453,447]}","{""Classes"":""car""}"
frame520.jpg,198068,"{}",1,0,"{""name"":""polygon"",""all_points_x"":[716,751,796,815,834,849,867,866,865,863,863,862,860,841,810,789,751,719,707,712,713,716],""all_points_y"":[444,441,447,452,452,453,458,484,498,504,510,517,525,525,521,521,516,512,507,482,465,444]}","{""Classes"":""car""}"
frame530.jpg,198254,"{}",1,0,"{""name"":""polygon"",""all_points_x"":[708,726,751,777,793,810,824,856,856,853,852,849,846,844,809,781,752,722,701,696,699,703,708],""all_points_y"":[437,436,441,447,452,458,456,468,486,500,512,522,530,534,530,524,522,513,508,498,475,455,437]}","{""Classes"":""car""}"
frame540.jpg,198232,"{}",1,0,"{""name"":""polygon"",""all_points_x"":[696,714,730,748,776,794,812,843,831,794,770,733,704,689,680,678,683,688,696],""all_points_y"":[435,431,438,445,455,459,461,474,537,536,532,523,514,507,502,494,472,456,435]}","{""Classes"":""car""}"
frame550.jpg,198192,"{}",1,0,"{""name"":""polygon"",""all_points_x"":[688,700,716,731,747,765,784,801,817,825,832,827,824,822,819,817,814,805,786,760,734,717,694,678,665,667,680,688],""all_points_y"":[425,425,432,440,446,455,463,464,474,481,486,504,515,524,534,538,543,550,542,535,527,521,512,503,490,468,443,425]}","{""Classes"":""car""}"
frame560.jpg,198217,"{}",1,0,"{""name"":""polygon"",""all_points_x"":[678,694,709,731,750,769,786,801,815,820,816,807,801,792,770,743,722,701,682,663,658,655,660,666,673,678],""all_points_y"":[420,423,430,439,448,458,465,473,482,492,507,530,547,554,546,536,526,515,504,497,491,482,459,441,431,420]}","{""Classes"":""car""}"
frame570.jpg,198370,"{}",1,0,"{""name"":""polygon"",""all_points_x"":[670,682,697,711,724,740,757,773,808,802,795,786,782,776,767,756,752,742,733,694,664,642,641,650,662,670],""all_points_y"":[413,412,421,431,439,448,460,465,495,514,524,540,550,553,552,548,543,541,534,512,496,483,462,445,422,413]}","{""Classes"":""car""}"
frame580.jpg,198294,"{}",1,0,"{""name"":""polygon"",""all_points_x"":[662,669,685,701,716,733,747,764,774,786,796,789,783,773,765,761,707,672,648,633,625,633,648,662],""all_points_y"":[404,403,411,423,433,446,457,465,473,485,495,507,522,537,549,556,525,505,486,475,463,443,419,404]}","{""Classes"":""car""}"
frame590.jpg,198171,"{}",1,0,"{""name"":""polygon"",""all_points_x"":[652,666,682,697,713,724,734,755,766,782,775,767,755,750,743,726,705,683,657,637,620,613,619,633,642,652],""all_points_y"":[400,402,413,426,439,448,459,470,482,499,512,525,541,552,559,547,533,517,499,482,464,458,439,421,410,400]}","{""Classes"":""car""}"
frame600.jpg,198536,"{}",1,0,"{""name"":""polygon"",""all_points_x"":[647,658,671,681,692,702,711,722,725,746,760,768,761,753,741,727,708,692,678,658,641,622,610,605,617,631,647],""all_points_y"":[391,394,406,414,424,435,443,453,456,471,486,497,511,523,536,551,543,528,519,501,488,472,461,443,423,405,391]}","{""Classes"":""car""}"
frame610.jpg,198596,"{}",1,0,"{""name"":""polygon"",""all_points_x"":[645,658,676,692,702,711,730,752,743,725,708,684,660,633,607,598,591,602,618,645],""all_points_y"":[382,396,413,430,440,452,468,497,519,536,550,532,511,482,461,444,426,410,396,382]}","{""Classes"":""car""}"
frame620.jpg,198807,"{}",1,0,"{""name"":""polygon"",""all_points_x"":[635,656,675,688,701,703,721,743,735,722,716,703,696,679,656,637,622,604,593,587,585,604,635],""all_points_y"":[375,391,411,425,441,448,465,500,511,526,533,545,553,533,509,488,473,456,438,428,411,395,375]}","{""Classes"":""car""}"
frame630.jpg,198640,"{}",1,0,"{""name"":""polygon"",""all_points_x"":[577,586,599,612,625,633,643,652,664,677,689,693,712,726,733,720,709,697,687,681,666,649,627,610,597,585,577],""all_points_y"":[413,397,386,376,371,368,375,388,404,421,437,446,461,484,508,519,528,535,546,546,529,507,482,463,447,427,413]}","{""Classes"":""car""}"
frame640.jpg,198486,"{}",1,0,"{""name"":""polygon"",""all_points_x"":[572,579,596,607,616,627,640,652,658,670,677,686,703,721,721,669,652,642,607,590,574,572],""all_points_y"":[402,389,379,372,368,361,370,389,402,415,426,438,459,494,498,539,526,510,466,444,419,402]}","{""Classes"":""car""}"
frame650.jpg,198486,"{}",1,0,"{""name"":""polygon"",""all_points_x"":[563,577,593,611,625,636,648,658,669,675,694,712,715,699,674,654,649,642,617,603,579,566],""all_points_y"":[393,375,368,358,355,368,385,401,421,430,456,492,497,509,525,533,532,519,488,463,433,393]}","{""Classes"":""car""}"
frame660.jpg,200460,"{}",1,0,"{""name"":""polygon"",""all_points_x"":[560,564,579,597,609,623,637,648,670,706,669,641,617,604,583,569,564,558,564,562,560],""all_points_y"":[380,369,361,354,349,347,366,387,423,496,511,532,502,475,433,410,392,373,369,371,380]}","{""Classes"":""car""}"
frame670.jpg,200645,"{}",1,0,"{""name"":""polygon"",""all_points_x"":[549,567,591,615,632,643,656,671,687,678,658,629,622,605,589,577,560,549],""all_points_y"":[362,351,342,335,363,391,418,443,484,495,503,516,517,494,455,422,394,362]}","{""Classes"":""car""}"
frame680.jpg,200244,"{}",1,0,"{""name"":""polygon"",""all_points_x"":[547,558,574,600,616,623,629,638,649,662,671,676,675,665,645,624,613,604,596,590,577,568,559,551,547],""all_points_y"":[353,343,336,328,328,338,357,377,406,435,461,476,484,489,497,503,509,501,482,460,428,408,386,368,353]}","{""Classes"":""car""}"
frame690.jpg,199696,"{}",1,0,"{""name"":""polygon"",""all_points_x"":[547,555,578,597,612,622,628,633,640,652,662,649,628,598,596,583,575,564,554,549,547],""all_points_y"":[340,327,321,315,316,338,359,375,399,427,472,483,488,494,495,473,438,406,381,358,340]}","{""Classes"":""car""}"
frame700.jpg,200190,"{}",1,0,"{""name"":""polygon"",""all_points_x"":[541,548,569,587,601,612,620,626,630,633,644,651,652,636,604,585,573,565,558,547,543,543,541],""all_points_y"":[327,316,310,308,306,308,328,353,372,388,417,444,463,474,479,481,455,419,394,353,320,318,327]}","{""Classes"":""car""}"
frame710.jpg,199764,"{}",1,0,"{""name"":""polygon"",""all_points_x"":[539,555,574,591,604,606,612,616,619,624,625,628,636,641,644,623,599,576,561,550,542,539],""all_points_y"":[312,299,294,293,293,293,304,318,334,349,359,372,400,430,451,459,464,466,423,376,343,312]}","{""Classes"":""car""}"
frame720.jpg,199626,"{}",1,0,"{""name"":""polygon"",""all_points_x"":[538,556,578,593,605,613,618,620,622,633,635,639,617,594,572,567,559,551,539,538],""all_points_y"":[293,282,278,278,279,300,323,341,357,386,402,434,446,451,453,441,410,362,318,293]}","{""Classes"":""car""}"
frame730.jpg,199649,"{}",1,0,"{""name"":""polygon"",""all_points_x"":[534,548,573,592,600,610,619,619,630,632,636,636,602,567,558,553,545,537,534],""all_points_y"":[277,266,261,260,260,290,325,343,371,394,415,424,432,437,419,387,344,305,277]}","{""Classes"":""car""}"
frame740.jpg,199489,"{}",1,0,"{""name"":""polygon"",""all_points_x"":[530,537,558,575,594,601,604,607,613,617,624,630,630,612,575,564,555,550,547,538,532,530],""all_points_y"":[257,249,245,242,242,251,260,272,291,319,348,386,399,408,415,417,400,372,347,308,282,257]}","{""Classes"":""car""}"
frame750.jpg,196409,"{}",1,0,"{""name"":""polygon"",""all_points_x"":[524,537,560,585,598,602,606,611,614,624,630,631,618,581,563,558,551,543,537,529,525,524],""all_points_y"":[235,225,221,218,225,248,264,278,294,322,369,373,381,389,389,379,348,323,295,272,252,235]}","{""Classes"":""car""}"
frame760.jpg,196282,"{}",1,0,"{""name"":""polygon"",""all_points_x"":[519,533,561,584,592,603,609,620,629,629,613,597,580,572,567,551,546,533,524,517,519],""all_points_y"":[218,206,199,197,222,254,270,294,336,351,359,364,368,369,369,341,308,270,252,232,218]}","{""Classes"":""car""}"
frame770.jpg,195877,"{}",1,0,"{""name"":""polygon"",""all_points_x"":[510,533,556,573,583,589,596,606,619,628,631,635,622,609,597,584,575,571,563,552,543,533,525,517,510,510],""all_points_y"":[203,191,182,182,195,208,226,248,276,297,312,323,331,336,341,344,345,344,333,308,283,260,244,231,216,203]}","{""Classes"":""car""}"
frame780.jpg,195678,"{}",1,0,"{""name"":""polygon"",""all_points_x"":[504,516,528,543,555,564,572,583,590,598,602,619,631,633,624,605,590,576,558,549,543,539,534,521,513,511,504,504],""all_points_y"":[193,184,177,172,167,165,170,194,207,220,227,261,286,303,311,318,327,329,299,287,281,265,259,244,233,221,204,193]}","{""Classes"":""car""}"
frame790.jpg,195594,"{}",1,0,"{""name"":""polygon"",""all_points_x"":[498,509,526,536,550,559,569,576,588,597,603,617,619,624,635,636,627,585,577,562,554,539,529,522,517,504,500,503,502,498],""all_points_y"":[187,177,170,165,162,158,170,184,202,216,223,245,252,259,282,289,299,318,318,298,282,258,242,231,230,217,207,203,193,187]}","{""Classes"":""car""}"
frame800.jpg,195798,"{}",1,0,"{""name"":""polygon"",""all_points_x"":[500,497,507,517,536,547,556,566,577,587,594,603,613,625,636,628,601,578,572,567,564,550,546,540,538,537,516,515,505,500,499,499,500],""all_points_y"":[181,184,171,166,161,154,152,165,183,194,210,218,235,254,277,287,299,308,303,295,290,273,268,257,254,252,228,222,221,219,212,194,181]}","{""Classes"":""car""}"
frame810.jpg,195710,"{}",1,0,"{""name"":""polygon"",""all_points_x"":[489,498,514,529,539,547,559,569,580,593,614,624,631,636,620,580,568,542,529,522,509,496,489],""all_points_y"":[181,168,159,152,146,145,155,171,183,200,228,243,253,269,287,305,292,256,239,223,216,202,181]}","{""Classes"":""car""}"
frame820.jpg,195546,"{}",1,0,"{""name"":""polygon"",""all_points_x"":[490,500,514,527,544,551,566,581,595,615,639,584,542,532,519,513,502,495,490],""all_points_y"":[180,165,155,146,141,139,162,179,197,220,257,299,256,233,219,210,210,197,180]}","{""Classes"":""car""}"
frame830.jpg,195902,"{}",1,0,"{""name"":""polygon"",""all_points_x"":[483,492,509,529,538,556,573,583,589,610,626,636,623,602,581,565,556,545,526,519,511,509,497,488,489,490,483],""all_points_y"":[174,161,151,141,137,153,174,183,192,215,235,247,266,278,287,278,261,248,230,220,209,206,207,194,188,182,174]}","{""Classes"":""car""}"
frame840.jpg,195727,"{}",1,0,"{""name"":""polygon"",""all_points_x"":[482,492,510,526,536,552,568,580,588,606,628,633,622,605,587,575,555,539,517,508,495,486,482,482],""all_points_y"":[171,158,145,136,136,150,165,177,185,206,234,243,257,269,283,276,257,239,216,205,206,199,179,171]}","{""Classes"":""car""}"
frame850.jpg,195623,"{}",1,0,"{""name"":""polygon"",""all_points_x"":[478,491,516,528,549,579,586,606,635,618,601,587,581,574,551,535,517,508,501,489,482,484,478],""all_points_y"":[168,151,132,128,142,170,180,200,240,252,265,276,279,269,249,234,217,208,200,206,190,181,168]}","{""Classes"":""car""}"
frame860.jpg,195788,"{}",1,0,"{""name"":""polygon"",""all_points_x"":[474,485,501,522,537,550,567,579,602,623,627,620,611,593,585,576,571,563,551,527,515,509,505,499,488,482,475,475,474],""all_points_y"":[167,148,137,123,132,145,157,170,194,217,226,238,249,264,268,267,258,251,245,223,213,205,201,196,195,191,179,172,167]}","{""Classes"":""car""}"
frame870.jpg,195351,"{}",1,0,"{""name"":""polygon"",""all_points_x"":[465,475,489,505,516,536,555,575,597,612,622,625,615,602,581,571,567,564,558,554,547,538,519,498,495,487,476,471,465],""all_points_y"":[163,145,133,124,118,131,146,162,179,196,208,215,233,246,260,252,246,257,251,243,234,231,214,197,190,199,183,171,163]}","{""Classes"":""car""}"
frame880.jpg,195562,"{}",1,0,"{""name"":""polygon"",""all_points_x"":[460,463,481,497,507,512,524,550,565,589,611,619,613,604,596,584,578,569,563,562,556,551,551,523,504,491,487,478,473,468,464,460],""all_points_y"":[159,148,132,118,112,113,120,140,152,170,191,202,217,227,240,245,249,243,234,247,246,236,228,212,197,190,184,190,183,176,166,159]}","{""Classes"":""car""}"
frame890.jpg,195531,"{}",1,0,"{""name"":""polygon"",""all_points_x"":[453,463,476,488,494,515,536,549,559,583,596,606,614,609,602,590,584,568,565,564,552,556,550,547,545,542,507,491,482,479,476,464,459,453],""all_points_y"":[156,129,117,108,103,114,128,136,141,158,171,180,190,202,214,232,239,236,229,240,240,239,233,228,220,217,197,187,180,185,185,179,170,156]}","{""Classes"":""car""}"
frame900.jpg,195635,"{}",1,0,"{""name"":""polygon"",""all_points_x"":[444,450,461,473,482,501,517,542,551,575,586,598,604,600,591,586,579,576,571,561,559,553,548,545,542,537,505,474,470,461,455,451,450,444],""all_points_y"":[154,131,118,105,99,104,114,128,132,145,157,168,175,195,208,218,227,229,226,217,227,230,227,220,213,207,193,175,181,177,169,166,155,154]}","{""Classes"":""car""}"
frame910.jpg,195879,"{}",1,0,"{""name"":""polygon"",""all_points_x"":[434,445,459,470,478,495,513,524,540,564,576,585,594,598,590,580,575,569,552,552,552,552,549,549,545,542,541,539,537,535,513,495,481,465,459,449,439,434],""all_points_y"":[146,119,104,93,95,102,110,115,120,135,144,150,156,163,180,199,205,213,203,208,215,215,216,216,215,214,212,208,205,203,193,185,180,171,177,172,163,146]}","{""Classes"":""car""}"
frame920.jpg,195814,"{}",1,0,"{""name"":""polygon"",""all_points_x"":[424,431,445,449,469,485,512,529,553,574,587,583,577,572,567,556,551,542,545,538,532,532,528,521,504,481,470,456,450,433,428,424],""all_points_y"":[150,114,97,90,92,99,107,112,123,138,144,156,174,188,200,202,197,191,205,212,206,199,194,190,184,177,174,165,169,163,156,150]}","{""Classes"":""car""}"
frame930.jpg,195163,"{}",1,0,"{""name"":""polygon"",""all_points_x"":[410,413,423,432,444,474,498,511,536,552,572,573,569,565,560,552,541,539,529,527,517,495,479,453,448,444,432,421,420,411,410],""all_points_y"":[144,121,101,87,85,92,99,102,112,121,129,145,162,172,182,188,184,194,195,190,181,175,171,163,161,169,169,163,157,153,144]}","{""Classes"":""car""}"
frame940.jpg,194673,"{}",1,0,"{""name"":""polygon"",""all_points_x"":[399,399,407,417,428,458,479,495,522,542,554,556,552,550,547,541,530,529,533,532,526,522,515,510,489,461,444,433,430,413,407,399],""all_points_y"":[144,112,95,85,84,87,90,93,101,107,115,141,156,167,174,172,166,167,174,180,181,182,175,167,166,163,158,156,165,162,153,144]}","{""Classes"":""car""}"
frame950.jpg,194623,"{}",1,0,"{""name"":""polygon"",""all_points_x"":[385,385,392,398,410,441,468,478,503,528,540,542,539,536,529,517,519,520,519,516,514,509,505,500,497,465,434,422,411,401,393,385],""all_points_y"":[144,115,90,84,82,85,87,88,91,100,104,131,146,158,159,156,162,166,167,168,169,169,169,163,161,158,157,155,163,158,154,144]}","{""Classes"":""car""}"
frame960.jpg,194267,"{}",1,0,"{""name"":""polygon"",""all_points_x"":[370,367,369,371,376,389,415,438,457,483,517,521,522,522,522,522,519,507,507,502,494,487,482,450,431,408,405,394,386,379,375,370],""all_points_y"":[146,126,105,91,82,81,80,81,80,87,93,101,117,127,137,144,148,150,156,163,162,158,152,153,152,152,157,159,159,156,150,146]}","{""Classes"":""car""}"
frame970.jpg,194343,"{}",1,0,"{""name"":""polygon"",""all_points_x"":[350,349,350,350,353,362,377,402,417,438,461,484,497,500,500,502,499,487,488,471,460,421,389,384,372,361,350],""all_points_y"":[148,128,114,105,89,85,79,81,81,80,82,87,88,105,128,142,146,144,156,158,151,154,152,162,162,155,148]}","{""Classes"":""car""}"
frame980.jpg,194593,"{}",1,0,"{""name"":""polygon"",""all_points_x"":[331,328,331,336,345,377,401,414,438,475,481,482,482,482,481,476,466,469,462,452,444,440,415,399,387,369,367,361,356,343,341,338,331],""all_points_y"":[148,118,101,86,84,80,80,80,82,89,99,111,120,130,137,145,143,152,157,157,153,150,152,153,154,152,157,161,161,158,156,152,148]}","{""Classes"":""car""}"
frame990.jpg,195047,"{}",1,0,"{""name"":""polygon"",""all_points_x"":[306,303,306,311,320,352,376,389,413,450,456,457,457,457,456,451,441,444,437,427,419,415,390,374,362,344,342,336,331,318,316,313,306],""all_points_y"":[151,121,104,89,87,83,83,83,85,92,102,114,123,133,140,148,146,155,160,160,156,153,155,156,157,155,160,164,164,161,159,155,151]}","{""Classes"":""car""}"
frame1000.jpg,195460,"{}",1,0,"{""name"":""polygon"",""all_points_x"":[277,274,277,282,291,323,347,360,384,421,427,428,428,428,427,422,412,415,408,398,390,386,361,345,333,315,313,307,302,289,287,284,277],""all_points_y"":[153,123,106,91,89,85,85,85,87,94,104,116,125,135,142,150,148,157,162,162,158,155,157,158,159,157,162,166,166,163,161,157,153]}","{""Classes"":""car""}"
frame1010.jpg,195374,"{}",1,0,"{""name"":""polygon"",""all_points_x"":[253,250,253,258,267,299,323,336,360,397,403,404,404,404,403,398,388,391,384,374,366,362,337,321,309,291,289,283,278,265,263,260,253],""all_points_y"":[153,123,106,91,89,85,85,85,87,94,104,116,125,135,142,150,148,157,162,162,158,155,157,158,159,157,162,166,166,163,161,157,153]}","{""Classes"":""car""}"
frame1020.jpg,196110,"{}",1,0,"{""name"":""polygon"",""all_points_x"":[231,228,231,236,245,277,301,314,338,375,381,382,382,382,381,376,366,369,362,352,344,340,315,299,287,269,267,261,256,243,241,238,231],""all_points_y"":[156,126,109,94,92,88,88,88,90,97,107,119,128,138,145,153,151,160,165,165,161,158,160,161,162,160,165,169,169,166,164,160,156]}","{""Classes"":""car""}"
frame1030.jpg,195989,"{}",1,0,"{""name"":""polygon"",""all_points_x"":[215,212,215,220,229,261,285,298,322,359,365,366,366,366,365,360,350,353,346,336,328,324,299,283,271,253,251,245,240,227,225,222,215],""all_points_y"":[157,127,110,95,93,89,89,89,91,98,108,120,129,139,146,154,152,161,166,166,162,159,161,162,163,161,166,170,170,167,165,161,157]}","{""Classes"":""car""}"
frame1040.jpg,196195,"{}",1,0,"{""name"":""polygon"",""all_points_x"":[203,200,203,208,217,249,273,286,310,347,353,354,354,354,353,348,338,341,334,324,316,312,287,271,259,241,239,233,228,215,213,210,203],""all_points_y"":[157,127,110,95,93,89,89,89,91,98,108,120,129,139,146,154,152,161,166,166,162,159,161,162,163,161,166,170,170,167,165,161,157]}","{""Classes"":""car""}"
frame1050.jpg,196381,"{}",1,0,"{""name"":""polygon"",""all_points_x"":[194,191,194,199,208,240,264,277,301,338,344,345,345,345,344,339,329,332,325,316,306,298,278,262,250,232,230,224,219,206,204,201,194],""all_points_y"":[155,125,108,93,91,87,87,87,89,96,106,118,127,137,144,152,150,159,164,166,165,158,159,160,161,159,164,168,168,165,163,159,155]}","{""Classes"":""car""}"
frame1060.jpg,196257,"{}",1,0,"{""name"":""polygon"",""all_points_x"":[183,180,183,190,197,229,253,266,290,327,336,334,334,334,333,328,318,321,314,304,296,292,267,251,239,221,219,213,208,195,193,190,183],""all_points_y"":[157,127,110,98,93,89,89,89,91,98,106,120,129,139,146,154,152,161,166,166,162,159,161,162,163,161,166,170,170,167,165,161,157]}","{""Classes"":""car""}"
frame1070.jpg,196356,"{}",1,0,"{""name"":""polygon"",""all_points_x"":[178,178,180,183,192,224,248,261,285,322,329,329,329,329,328,323,313,316,309,299,289,282,262,246,234,216,214,208,203,190,188,185,178],""all_points_y"":[156,126,108,94,92,88,88,88,90,97,108,119,128,138,145,153,151,160,165,168,165,162,160,161,162,160,165,169,169,166,164,160,156]}","{""Classes"":""car""}"
frame1080.jpg,197125,"{}",1,0,"{""name"":""polygon"",""all_points_x"":[175,172,175,180,189,221,245,258,282,319,322,322,320,320,319,312,310,313,306,296,285,276,259,243,231,213,211,205,200,187,185,182,175],""all_points_y"":[157,127,110,95,93,89,89,89,91,98,111,121,130,138,148,154,152,161,166,166,169,164,161,162,163,161,166,170,170,167,165,161,157]}","{""Classes"":""car""}"
frame1090.jpg,197061,"{}",1,0,"{""name"":""polygon"",""all_points_x"":[167,164,167,172,181,213,237,250,274,311,317,315,315,313,312,312,306,305,298,288,263,278,251,235,223,205,203,197,192,179,177,174,167],""all_points_y"":[157,127,110,95,93,89,89,89,91,98,108,121,130,140,148,154,156,161,166,166,162,168,161,162,163,161,166,170,170,167,165,161,157]}","{""Classes"":""car""}"
frame1100.jpg,196985,"{}",1,0,"{""name"":""polygon"",""all_points_x"":[156,158,162,166,170,202,226,239,263,300,306,307,307,307,306,301,291,294,287,277,257,265,240,224,212,194,192,186,181,168,166,163,156],""all_points_y"":[159,131,113,98,95,91,91,91,93,100,110,122,131,141,148,156,154,163,168,168,162,169,163,164,165,163,168,172,172,169,167,163,159]}","{""Classes"":""car""}"
frame1110.jpg,197245,"{}",1,0,"{""name"":""polygon"",""all_points_x"":[158,153,163,165,179,215,229,241,260,274,284,295,300,296,293,290,286,278,277,271,265,251,222,207,192,183,172,165,158],""all_points_y"":[155,133,111,98,88,90,91,93,93,94,97,101,104,131,143,154,158,159,163,168,167,162,161,161,162,167,168,161,155]}","{""Classes"":""car""}"
frame1120.jpg,197217,"{}",1,0,"{""name"":""polygon"",""all_points_x"":[145,141,148,152,166,202,216,228,247,261,271,282,287,283,280,277,273,265,264,258,252,238,209,194,179,170,159,152,145],""all_points_y"":[155,132,110,98,91,90,91,93,93,94,97,101,104,131,143,154,158,159,163,168,167,162,161,161,162,167,168,161,155]}","{""Classes"":""car""}"
frame1130.jpg,197116,"{}",1,0,"{""name"":""polygon"",""all_points_x"":[134,130,137,141,155,191,205,217,236,250,260,271,276,272,269,266,262,257,253,247,241,227,198,183,168,159,148,141,134],""all_points_y"":[155,132,110,98,91,90,91,93,93,94,97,101,104,131,143,154,158,162,163,168,167,162,161,161,162,167,168,161,155]}","{""Classes"":""car""}"
frame1140.jpg,197363,"{}",1,0,"{""name"":""polygon"",""all_points_x"":[121,117,124,128,142,176,194,207,226,239,253,261,263,259,256,253,249,244,240,234,228,214,185,170,155,146,135,128,121],""all_points_y"":[158,135,113,101,94,90,90,91,92,92,95,98,107,134,146,157,161,165,166,171,170,165,164,164,165,170,171,164,158]}","{""Classes"":""car""}"
frame1150.jpg,197316,"{}",1,0,"{""name"":""polygon"",""all_points_x"":[109,105,112,116,130,164,182,195,214,227,241,249,251,247,244,241,237,232,228,222,216,202,173,158,143,134,123,116,109],""all_points_y"":[162,139,117,105,98,94,94,95,96,96,99,102,111,138,150,161,165,169,170,175,174,169,168,168,169,174,175,168,162]}","{""Classes"":""car""}"
frame1160.jpg,197255,"{}",1,0,"{""name"":""polygon"",""all_points_x"":[101,97,104,108,122,156,174,187,206,219,233,241,243,239,236,233,229,224,220,214,208,194,165,150,135,126,115,108,101],""all_points_y"":[160,137,115,103,96,92,92,93,94,94,97,100,109,136,148,159,163,167,168,173,172,167,166,166,167,172,173,166,160]}","{""Classes"":""car""}"
frame1170.jpg,197579,"{}",1,0,"{""name"":""polygon"",""all_points_x"":[101,97,104,108,122,156,174,187,206,219,233,241,243,239,236,233,229,224,220,214,208,194,165,150,135,126,115,108,101],""all_points_y"":[159,136,114,102,95,91,91,92,93,93,96,99,108,135,147,158,162,166,167,172,171,166,165,165,166,171,172,165,159]}","{""Classes"":""car""}"
frame1180.jpg,197287,"{}",1,0,"{""name"":""polygon"",""all_points_x"":[99,95,102,106,120,154,172,185,204,217,231,239,241,237,234,231,227,222,218,212,206,192,163,148,133,124,113,106,99],""all_points_y"":[160,137,115,103,96,92,92,93,94,94,97,100,109,136,148,159,163,167,168,173,172,167,166,166,167,172,173,166,160]}","{""Classes"":""car""}"
frame1190.jpg,197531,"{}",1,0,"{""name"":""polygon"",""all_points_x"":[100,96,103,107,121,155,173,186,205,218,232,240,242,238,235,232,228,223,219,213,207,193,164,149,134,125,114,107,100],""all_points_y"":[159,136,114,102,95,91,91,92,93,93,96,99,108,135,147,158,162,166,167,172,171,166,165,165,166,171,172,165,159]}","{""Classes"":""car""}"
frame1200.jpg,197697,"{}",1,0,"{""name"":""polygon"",""all_points_x"":[105,101,108,112,126,160,178,191,210,223,237,245,247,243,240,237,233,228,224,218,212,198,169,154,139,130,119,112,105],""all_points_y"":[158,135,113,101,94,90,90,91,92,92,95,98,107,134,146,157,161,165,166,171,170,165,164,164,165,170,171,164,158]}","{""Classes"":""car""}"
frame1210.jpg,197367,"{}",1,0,"{""name"":""polygon"",""all_points_x"":[107,103,110,114,128,162,180,193,212,225,239,247,248,245,242,239,235,230,226,220,214,200,171,156,141,132,121,114,107],""all_points_y"":[159,136,114,102,95,91,91,92,93,93,96,99,111,135,147,158,162,166,167,172,171,166,165,165,166,171,172,165,159]}","{""Classes"":""car""}"
frame1220.jpg,197596,"{}",1,0,"{""name"":""polygon"",""all_points_x"":[108,104,111,115,129,163,181,194,213,226,240,248,250,246,243,240,236,231,227,221,215,201,172,157,142,133,122,115,108],""all_points_y"":[159,136,114,102,95,91,91,92,93,93,96,99,108,135,147,158,162,166,167,172,171,166,165,165,166,171,172,165,159]}","{""Classes"":""car""}"
frame1230.jpg,197193,"{}",1,0,"{""name"":""polygon"",""all_points_x"":[122,118,125,129,143,177,195,208,227,240,254,262,264,260,257,254,250,245,241,235,229,215,186,171,156,147,136,129,122],""all_points_y"":[158,135,113,101,94,90,90,91,92,92,95,98,107,134,146,157,161,165,166,171,170,165,164,164,165,170,171,164,158]}","{""Classes"":""car""}"
frame1240.jpg,197544,"{}",1,0,"{""name"":""polygon"",""all_points_x"":[138,134,141,145,159,193,211,224,243,256,270,278,280,276,273,270,266,261,257,251,245,231,202,187,172,163,152,145,138],""all_points_y"":[155,132,110,98,91,87,87,88,89,89,92,95,104,131,143,154,158,162,163,168,167,162,161,161,162,167,168,161,155]}","{""Classes"":""car""}"
frame1250.jpg,197156,"{}",1,0,"{""name"":""polygon"",""all_points_x"":[157,158,162,169,183,217,235,248,267,280,294,302,304,300,297,294,290,285,281,275,269,255,226,211,196,187,176,169,157],""all_points_y"":[153,129,107,95,88,84,84,85,86,86,89,92,101,128,140,151,155,159,160,165,164,159,158,158,159,164,165,158,153]}","{""Classes"":""car""}"
frame1260.jpg,197256,"{}",1,0,"{""name"":""polygon"",""all_points_x"":[184,183,188,201,215,249,267,280,299,312,326,334,336,334,333,326,322,317,313,307,301,287,258,243,228,221,204,192,184],""all_points_y"":[152,133,102,90,83,79,79,80,81,81,84,87,96,123,137,146,150,154,155,160,159,154,153,153,154,164,163,158,152]}","{""Classes"":""car""}"
frame1270.jpg,197126,"{}",1,0,"{""name"":""polygon"",""all_points_x"":[220,219,224,237,251,285,303,316,335,348,362,370,372,372,369,368,364,360,351,343,337,323,294,279,264,257,240,228,220],""all_points_y"":[147,128,97,85,78,74,74,75,76,76,79,82,91,123,132,139,145,151,153,155,154,149,148,148,149,162,163,153,147]}","{""Classes"":""car""}"
frame1280.jpg,197030,"{}",1,0,"{""name"":""polygon"",""all_points_x"":[260,259,264,277,292,324,343,356,375,388,402,410,412,412,409,408,404,400,391,383,377,363,334,319,304,297,280,268,260],""all_points_y"":[140,121,90,78,73,68,67,68,69,69,72,75,84,116,125,132,138,144,146,148,147,142,141,141,142,155,156,146,140]}","{""Classes"":""car""}"
frame1290.jpg,196964,"{}",1,0,"{""name"":""polygon"",""all_points_x"":[306,305,308,323,338,370,389,402,421,434,448,456,458,462,461,458,450,446,437,429,423,409,391,376,357,343,326,314,306],""all_points_y"":[133,114,81,71,66,61,60,61,62,62,65,68,77,110,119,125,131,137,139,141,140,135,137,140,142,148,149,139,133]}","{""Classes"":""car""}"
frame1300.jpg,196472,"{}",1,0,"{""name"":""polygon"",""all_points_x"":[350,347,350,368,383,415,434,447,466,479,493,501,504,511,509,503,495,491,482,474,468,454,436,421,402,388,371,359,350],""all_points_y"":[127,107,72,66,61,56,55,56,57,57,60,63,74,106,115,120,126,132,134,136,135,130,132,135,137,143,144,137,127]}","{""Classes"":""car""}"
frame1310.jpg,196587,"{}",1,0,"{""name"":""polygon"",""all_points_x"":[391,388,391,409,424,456,475,488,507,520,534,542,542,550,550,544,536,532,523,515,509,495,477,462,443,429,412,400,391],""all_points_y"":[125,105,70,64,59,54,53,54,55,55,58,61,73,101,113,118,124,130,132,134,133,128,130,133,135,141,142,135,125]}","{""Classes"":""car""}"
frame1320.jpg,196536,"{}",1,0,"{""name"":""polygon"",""all_points_x"":[427,424,427,445,460,492,511,524,543,556,570,578,578,586,586,580,575,569,563,551,545,531,513,498,479,465,448,436,427],""all_points_y"":[123,103,68,62,57,52,51,52,53,53,56,59,71,99,111,116,124,130,132,132,131,126,128,131,133,139,140,133,123]}","{""Classes"":""car""}"
frame1330.jpg,196020,"{}",1,0,"{""name"":""polygon"",""all_points_x"":[468,463,461,473,490,524,543,556,575,588,602,610,617,623,620,612,607,601,595,583,577,563,545,522,509,496,486,476,468],""all_points_y"":[124,98,73,57,53,53,52,53,54,54,57,60,73,101,114,117,125,131,133,133,132,127,129,128,130,136,135,131,124]}","{""Classes"":""car""}"
frame1340.jpg,196012,"{}",1,0,"{""name"":""polygon"",""all_points_x"":[495,490,490,502,519,553,572,585,604,617,631,639,646,654,652,645,640,632,624,612,606,592,574,551,538,525,515,505,495],""all_points_y"":[124,98,72,56,52,52,51,52,53,53,56,59,72,100,115,123,127,132,132,132,131,126,128,127,129,135,134,130,124]}","{""Classes"":""car""}"
frame1350.jpg,196013,"{}",1,0,"{""name"":""polygon"",""all_points_x"":[528,526,527,533,554,587,606,620,638,651,665,673,680,688,686,679,674,666,658,646,640,626,606,586,572,560,548,536,528],""all_points_y"":[113,98,75,53,52,51,49,50,55,55,58,61,74,102,117,125,129,134,134,134,133,125,126,129,131,133,128,124,113]}","{""Classes"":""car""}"
frame1360.jpg,196275,"{}",1,0,"{""name"":""polygon"",""all_points_x"":[561,561,562,567,587,620,639,656,673,687,697,706,711,718,719,712,707,699,691,679,673,659,639,619,605,593,581,569,561],""all_points_y"":[109,95,73,52,48,47,47,50,56,59,59,62,73,100,113,121,125,130,130,130,129,121,122,125,127,129,124,120,109]}","{""Classes"":""car""}"
frame1370.jpg,196306,"{}",1,0,"{""name"":""polygon"",""all_points_x"":[596,610,626,658,686,703,729,734,738,740,742,740,732,729,721,714,707,706,690,670,654,641,638,628,618,612,612,607,604,597,596,594,602],""all_points_y"":[66,52,52,53,56,62,68,78,91,101,112,121,121,130,132,132,128,124,125,125,123,123,129,131,133,126,117,117,116,106,88,75,55]}","{""Classes"":""car""}"
frame1380.jpg,196403,"{}",1,0,"{""name"":""polygon"",""all_points_x"":[631,645,661,693,721,738,764,769,773,775,777,775,767,764,760,750,733,742,725,705,689,676,673,663,653,647,647,642,639,632,631,629,637],""all_points_y"":[68,54,54,55,58,64,70,80,93,103,114,123,123,132,136,138,129,136,127,127,125,125,131,133,135,128,119,119,118,108,90,77,57]}","{""Classes"":""car""}"
frame1390.jpg,196315,"{}",1,0,"{""name"":""polygon"",""all_points_x"":[661,675,691,723,751,768,794,799,803,805,807,805,797,791,794,782,761,771,747,734,721,708,703,693,683,677,671,667,662,662,662,662,667],""all_points_y"":[68,54,54,55,58,64,70,80,93,103,114,123,123,140,132,142,133,142,131,130,130,128,131,133,135,128,125,121,115,108,91,76,57]}","{""Classes"":""car""}"
frame1400.jpg,196569,"{}",1,0,"{""name"":""polygon"",""all_points_x"":[696,711,725,755,781,794,818,830,828,819,817,814,812,805,799,796,796,796,794,789,769,752,737,734,725,717,709,703,693,692,696],""all_points_y"":[65,60,61,64,68,74,80,124,132,130,139,141,141,141,142,138,137,137,133,132,131,129,127,129,136,133,123,119,99,82,65]}","{""Classes"":""car""}"
frame1410.jpg,196602,"{}",1,0,"{""name"":""polygon"",""all_points_x"":[728,737,757,772,798,816,828,847,858,859,854,844,830,823,803,772,770,759,752,742,735,731,727,724,719,720,725,721,722,724,728],""all_points_y"":[74,66,65,66,69,73,76,81,114,130,138,149,149,141,135,133,137,140,138,133,130,126,117,107,102,104,100,95,89,85,74]}","{""Classes"":""car""}"
frame1420.jpg,196677,"{}",1,0,"{""name"":""polygon"",""all_points_x"":[759,768,788,803,829,847,859,878,889,890,885,875,861,854,834,803,801,790,783,773,766,762,758,755,750,751,756,752,753,755,759],""all_points_y"":[76,68,67,68,71,75,78,83,116,132,140,151,151,143,137,135,139,142,140,135,132,128,119,109,104,106,102,97,91,87,76]}","{""Classes"":""car""}"
frame1430.jpg,197201,"{}",1,0,"{""name"":""polygon"",""all_points_x"":[786,788,808,823,849,867,879,898,909,910,905,895,881,874,854,823,821,810,803,796,792,791,789,784,783,782,781,777,780,775,786],""all_points_y"":[81,71,70,71,74,78,81,86,119,135,143,154,154,146,140,138,142,145,143,137,133,126,121,110,114,107,102,98,90,90,81]}","{""Classes"":""car""}"
frame1440.jpg,196984,"{}",1,0,"{""name"":""polygon"",""all_points_x"":[805,816,836,870,885,897,916,927,920,908,899,897,862,846,836,824,821,818,808,805],""all_points_y"":[89,76,74,77,79,88,93,133,140,150,150,141,140,135,142,139,130,128,117,89]}","{""Classes"":""car""}"
frame1450.jpg,197613,"{}",1,0,"{""name"":""polygon"",""all_points_x"":[814,825,845,879,894,906,925,936,929,917,908,906,871,855,845,833,830,827,817,814],""all_points_y"":[91,78,76,79,81,90,95,135,142,152,152,143,142,137,144,141,132,130,119,91]}","{""Classes"":""car""}"
frame1460.jpg,197713,"{}",1,0,"{""name"":""polygon"",""all_points_x"":[812,823,843,877,892,904,923,934,927,915,906,904,869,853,843,831,828,825,815,812],""all_points_y"":[90,77,75,78,80,89,94,134,141,151,151,142,141,136,143,140,131,129,118,90]}","{""Classes"":""car""}"
frame1470.jpg,196988,"{}",1,0,"{""name"":""polygon"",""all_points_x"":[810,821,841,875,890,902,921,932,925,913,904,902,867,851,841,829,826,823,813,810],""all_points_y"":[90,77,75,78,80,89,94,134,141,151,151,142,141,136,143,140,131,129,118,90]}","{""Classes"":""car""}"
frame1480.jpg,197294,"{}",1,0,"{""name"":""polygon"",""all_points_x"":[810,821,841,875,890,902,921,932,925,913,904,902,867,851,841,829,826,823,813,810],""all_points_y"":[91,78,76,79,81,90,95,135,142,152,152,143,142,137,144,141,132,130,119,91]}","{""Classes"":""car""}"
frame1490.jpg,197148,"{}",1,0,"{""name"":""polygon"",""all_points_x"":[805,816,836,870,885,897,916,927,920,908,899,897,862,846,836,824,821,818,808,805],""all_points_y"":[89,76,74,77,79,88,93,133,140,150,150,141,140,135,142,139,130,128,117,89]}","{""Classes"":""car""}"
frame1500.jpg,197240,"{}",1,0,"{""name"":""polygon"",""all_points_x"":[795,808,826,858,875,887,906,917,910,898,889,887,852,836,826,814,811,808,798,795],""all_points_y"":[91,68,76,75,81,90,95,135,142,152,152,143,142,137,144,141,132,130,119,91]}","{""Classes"":""car""}"
frame1510.jpg,197479,"{}",1,0,"{""name"":""polygon"",""all_points_x"":[781,795,818,869,882,898,909,905,899,887,880,878,842,825,812,801,791,785,781],""all_points_y"":[86,76,71,78,88,90,136,142,141,154,151,143,137,137,143,138,133,120,86]}","{""Classes"":""car""}"
frame1520.jpg,197242,"{}",1,0,"{""name"":""polygon"",""all_points_x"":[766,776,792,802,850,867,882,889,895,895,883,875,866,861,811,795,784,780,772,766],""all_points_y"":[81,75,68,69,76,84,87,106,121,132,139,148,146,139,135,141,129,127,119,81]}","{""Classes"":""car""}"
frame1530.jpg,196557,"{}",1,0,"{""name"":""polygon"",""all_points_x"":[745,760,785,839,852,871,883,882,880,875,872,865,852,845,836,816,799,794,785,776,768,764,761,756,750],""all_points_y"":[82,71,65,74,81,86,126,132,138,138,145,149,146,140,135,136,137,138,142,139,138,133,129,116,82]}","{""Classes"":""car""}"
frame1540.jpg,196936,"{}",1,0,"{""name"":""polygon"",""all_points_x"":[731,746,771,825,838,857,869,868,866,861,858,851,838,831,822,802,785,780,771,762,754,750,747,742,736],""all_points_y"":[80,69,63,72,79,84,124,130,136,136,143,147,144,138,133,134,135,136,140,137,136,131,127,114,80]}","{""Classes"":""car""}"
frame1550.jpg,197436,"{}",1,0,"{""name"":""polygon"",""all_points_x"":[715,728,753,807,820,839,851,850,848,845,839,833,820,813,804,784,765,757,751,744,736,732,729,724,715],""all_points_y"":[78,67,61,66,77,82,122,128,134,137,142,145,142,136,131,132,136,138,139,140,134,129,125,112,78]}","{""Classes"":""car""}"
frame1560.jpg,197107,"{}",1,0,"{""name"":""polygon"",""all_points_x"":[705,738,751,799,814,832,847,845,842,836,824,811,776,754,743,722,715,703,708],""all_points_y"":[78,61,64,65,74,77,124,123,130,130,140,132,130,129,139,130,125,71,77]}","{""Classes"":""car""}"
frame1570.jpg,196957,"{}",1,0,"{""name"":""polygon"",""all_points_x"":[701,705,731,784,803,823,839,835,828,827,818,810,805,802,781,757,746,741,733,726,722,718,713,708,704,700,701],""all_points_y"":[81,72,63,65,73,75,117,124,126,132,137,138,133,129,129,131,130,139,139,137,136,130,127,121,115,97,81]}","{""Classes"":""car""}"
frame1580.jpg,197229,"{}",1,0,"{""name"":""polygon"",""all_points_x"":[692,696,722,775,794,814,830,826,819,818,809,801,796,793,772,748,737,732,724,717,713,709,704,699,695,691,692],""all_points_y"":[82,73,64,66,74,76,118,125,127,133,138,139,134,130,130,132,131,140,140,138,137,131,128,122,116,98,82]}","{""Classes"":""car""}"
frame1590.jpg,197163,"{}",1,0,"{""name"":""polygon"",""all_points_x"":[677,691,717,771,789,809,825,821,814,813,804,796,791,788,767,743,732,727,719,712,708,704,699,694,686,678,677],""all_points_y"":[78,71,62,62,72,74,116,123,125,131,136,137,132,128,128,130,129,138,138,136,135,129,126,120,116,99,78]}","{""Classes"":""car""}"
frame1600.jpg,196989,"{}",1,0,"{""name"":""polygon"",""all_points_x"":[675,681,700,729,757,772,797,814,810,806,806,803,798,784,781,778,755,724,720,715,711,700,692,686,680,674,675],""all_points_y"":[78,72,65,62,63,66,72,116,119,120,126,130,132,133,131,126,127,128,135,137,138,136,132,129,117,99,78]}","{""Classes"":""car""}"
frame1610.jpg,197074,"{}",1,0,"{""name"":""polygon"",""all_points_x"":[664,678,695,750,785,804,803,795,794,793,783,778,769,715,714,707,699,688,691,688,681,677,676,676,675,671,665,666,664],""all_points_y"":[78,66,63,61,68,110,115,119,125,127,131,131,127,129,137,141,143,139,138,137,139,130,127,125,123,116,98,91,78]}","{""Classes"":""car""}"
frame1620.jpg,196987,"{}",1,0,"{""name"":""polygon"",""all_points_x"":[655,662,683,742,754,781,799,796,794,790,784,777,767,759,704,701,693,681,678,674,675,668,664,655,653,655],""all_points_y"":[81,74,65,61,64,67,113,116,124,128,132,133,132,128,130,138,139,139,138,135,131,132,124,112,95,81]}","{""Classes"":""car""}"
frame1630.jpg,197297,"{}",1,0,"{""name"":""polygon"",""all_points_x"":[641,653,673,733,747,771,789,788,778,775,767,757,743,697,692,682,677,673,668,658,641],""all_points_y"":[86,71,66,59,63,66,106,115,118,128,129,127,125,130,139,139,139,138,133,130,87]}","{""Classes"":""car""}"
frame1640.jpg,196943,"{}",1,0,"{""name"":""polygon"",""all_points_x"":[635,640,653,664,721,734,758,780,778,770,767,759,753,742,739,718,689,688,686,682,678,667,662,651,641,635],""all_points_y"":[86,77,71,68,61,63,64,105,111,116,125,127,128,124,124,127,130,133,138,140,141,141,139,137,114,86]}","{""Classes"":""car""}"
frame1650.jpg,197047,"{}",1,0,"{""name"":""polygon"",""all_points_x"":[627,636,655,712,725,745,773,770,763,760,757,751,746,739,734,707,683,678,677,660,653,644,632,625,627],""all_points_y"":[85,74,67,61,61,61,103,110,116,120,125,127,128,124,121,128,132,138,140,143,140,137,124,106,85]}","{""Classes"":""car""}"
frame1660.jpg,197123,"{}",1,0,"{""name"":""polygon"",""all_points_x"":[611,619,641,699,712,737,758,748,750,748,743,739,732,725,697,673,668,665,655,652,642,629,626,618,611],""all_points_y"":[91,79,73,59,61,59,97,114,121,124,127,127,126,121,127,135,141,145,145,145,139,140,131,119,91]}","{""Classes"":""car""}"
frame1670.jpg,197520,"{}",1,0,"{""name"":""polygon"",""all_points_x"":[600,606,627,687,702,729,751,748,742,742,740,735,725,718,712,686,664,663,657,652,647,638,637,636,629,626,623,619,599,600],""all_points_y"":[94,85,74,60,62,57,94,103,110,116,121,125,123,123,121,130,136,139,144,146,146,146,145,144,143,142,139,137,100,94]}","{""Classes"":""car""}"
frame1680.jpg,197672,"{}",1,0,"{""name"":""polygon"",""all_points_x"":[592,600,617,676,690,712,739,738,725,729,728,724,718,708,706,656,654,650,644,636,631,627,615,607,597,592],""all_points_y"":[99,89,77,61,57,54,90,99,106,114,118,121,121,119,118,137,143,148,149,151,151,146,145,133,110,99]}","{""Classes"":""car""}"
frame1690.jpg,197585,"{}",1,0,"{""name"":""polygon"",""all_points_x"":[586,591,610,666,679,700,730,728,720,720,711,693,662,647,642,631,624,613,597,591,586],""all_points_y"":[101,94,80,60,57,53,93,98,104,120,120,119,135,141,150,153,149,148,132,121,101]}","{""Classes"":""car""}"
frame1700.jpg,197769,"{}",1,0,"{""name"":""polygon"",""all_points_x"":[577,587,603,654,670,693,722,721,712,712,708,700,692,642,642,641,628,617,593,577],""all_points_y"":[106,94,85,60,59,52,88,98,104,112,118,118,115,141,146,151,156,155,137,106]}","{""Classes"":""car""}"
frame1710.jpg,197634,"{}",1,0,"{""name"":""polygon"",""all_points_x"":[571,576,594,649,661,682,715,712,705,704,696,684,638,638,627,624,619,613,596,579,571],""all_points_y"":[108,103,90,63,59,52,88,95,103,115,117,114,141,146,154,157,158,156,145,132,108]}","{""Classes"":""car""}"
frame1720.jpg,197813,"{}",1,0,"{""name"":""polygon"",""all_points_x"":[563,567,589,632,642,663,700,697,689,693,693,689,683,678,674,636,630,628,622,628,607,603,599,590,584,569,563],""all_points_y"":[119,108,92,64,61,51,85,98,101,105,111,113,116,116,115,151,150,149,165,158,164,162,161,155,152,139,119]}","{""Classes"":""car""}"
frame1730.jpg,197606,"{}",1,0,"{""name"":""polygon"",""all_points_x"":[552,559,579,625,635,651,693,691,684,690,678,665,625,619,609,590,577,565,552],""all_points_y"":[121,117,100,65,61,49,85,91,99,105,124,115,149,163,168,164,157,144,121]}","{""Classes"":""car""}"
frame1740.jpg,197799,"{}",1,0,"{""name"":""polygon"",""all_points_x"":[545,551,573,612,619,639,682,681,673,676,674,670,667,662,661,616,617,615,613,611,604,602,601,598,588,575,563,547],""all_points_y"":[137,124,103,71,65,54,87,92,100,108,111,115,115,115,115,156,162,164,166,169,172,172,172,174,171,167,157,135]}","{""Classes"":""car""}"
frame1750.jpg,197680,"{}",1,0,"{""name"":""polygon"",""all_points_x"":[541,547,565,611,630,674,670,664,669,661,652,647,625,613,612,609,603,594,590,561,546,541],""all_points_y"":[140,127,112,67,54,85,94,101,107,115,115,120,140,158,163,170,175,176,176,166,151,140]}","{""Classes"":""car""}"
frame1760.jpg,197712,"{}",1,0,"{""name"":""polygon"",""all_points_x"":[536,545,564,600,601,620,666,655,660,660,654,648,645,609,606,600,594,576,556,542,536],""all_points_y"":[145,133,115,79,68,55,84,99,106,113,116,117,118,164,171,179,181,179,168,157,145]}","{""Classes"":""car""}"
frame1770.jpg,197489,"{}",1,0,"{""name"":""polygon"",""all_points_x"":[534,538,555,594,592,613,660,656,648,661,657,647,642,640,604,605,602,597,591,558,532,534],""all_points_y"":[152,143,124,80,71,57,86,95,102,102,108,117,118,118,164,171,175,181,184,180,158,152]}","{""Classes"":""car""}"
frame1780.jpg,197415,"{}",1,0,"{""name"":""polygon"",""all_points_x"":[528,533,551,584,583,600,649,647,640,650,648,644,638,633,631,600,604,603,598,589,586,580,577,524],""all_points_y"":[171,151,131,85,76,62,87,97,105,107,114,115,120,120,124,169,176,178,181,190,193,196,205,168]}","{""Classes"":""car""}"
frame1790.jpg,197913,"{}",1,0,"{""name"":""polygon"",""all_points_x"":[524,527,542,573,569,585,636,632,636,625,586,562,540,526,524],""all_points_y"":[172,165,142,93,86,66,88,105,108,121,200,204,193,182,172]}","{""Classes"":""car""}"
frame1800.jpg,197845,"{}",1,0,"{""name"":""polygon"",""all_points_x"":[519,539,563,559,569,625,617,624,619,615,581,568,556,536,523,519,519],""all_points_y"":[185,152,102,94,73,92,112,111,125,127,210,209,210,202,197,192,185]}","{""Classes"":""car""}"
frame1810.jpg,197721,"{}",1,0,"{""name"":""polygon"",""all_points_x"":[516,523,533,545,551,563,617,612,618,616,613,583,559,538,516,516],""all_points_y"":[189,175,148,117,100,74,93,118,116,123,127,218,218,214,199,189]}","{""Classes"":""car""}"
frame1820.jpg,197748,"{}",1,0,"{""name"":""polygon"",""all_points_x"":[514,535,547,554,614,606,615,580,560,532,520,510,514],""all_points_y"":[199,137,106,78,94,124,117,214,225,215,212,204,199]}","{""Classes"":""car""}"
frame1830.jpg,197452,"{}",1,0,"{""name"":""polygon"",""all_points_x"":[511,521,530,540,546,569,605,601,594,588,583,578,553,517,511],""all_points_y"":[214,164,138,104,87,91,100,120,157,188,217,228,231,222,214]}","{""Classes"":""car""}"
frame1840.jpg,197309,"{}",1,0,"{""name"":""polygon"",""all_points_x"":[511,526,534,591,591,587,584,580,580,548,520,510,511],""all_points_y"":[217,135,100,107,136,172,204,226,241,240,233,228,217]}","{""Classes"":""car""}"
frame1850.jpg,197470,"{}",1,0,"{""name"":""polygon"",""all_points_x"":[512,516,509,519,520,581,586,561,536,512],""all_points_y"":[242,142,137,139,110,112,247,255,253,242]}","{""Classes"":""car""}"
frame1860.jpg,197574,"{}",1,0,"{""name"":""polygon"",""all_points_x"":[510,510,507,509,513,577,584,559,534,510],""all_points_y"":[251,148,146,143,119,121,256,264,262,251]}","{""Classes"":""car""}"
frame1870.jpg,197610,"{}",1,0,"{""name"":""polygon"",""all_points_x"":[508,504,506,508,503,572,586,558,533,508],""all_points_y"":[260,155,150,147,123,124,258,268,266,260]}","{""Classes"":""car""}"
frame1880.jpg,197920,"{}",1,0,"{""name"":""polygon"",""all_points_x"":[511,504,500,502,500,568,588,556,533,511],""all_points_y"":[266,160,158,153,130,126,264,277,274,266]}","{""Classes"":""car""}"
frame1890.jpg,197850,"{}",1,0,"{""name"":""polygon"",""all_points_x"":[514,504,500,502,501,566,594,561,530,514],""all_points_y"":[280,171,169,164,140,137,277,292,290,280]}","{""Classes"":""car""}"
frame1900.jpg,197998,"{}",1,0,"{""name"":""polygon"",""all_points_x"":[515,505,499,503,502,567,597,562,531,515],""all_points_y"":[295,186,187,179,155,150,295,307,305,295]}","{""Classes"":""car""}"
frame1910.jpg,198147,"{}",1,0,"{""name"":""polygon"",""all_points_x"":[520,508,502,506,505,570,601,564,529,520],""all_points_y"":[311,199,200,192,168,163,312,323,327,311]}","{""Classes"":""car""}"
frame1920.jpg,199025,"{}",1,0,"{""name"":""polygon"",""all_points_x"":[521,509,503,507,506,576,602,564,533,521],""all_points_y"":[323,211,212,204,180,177,332,335,334,323]}","{""Classes"":""car""}"
frame1930.jpg,198820,"{}",1,0,"{""name"":""polygon"",""all_points_x"":[529,512,508,513,511,576,586,593,602,580,552,529],""all_points_y"":[343,225,215,218,189,188,223,272,335,348,349,343]}","{""Classes"":""car""}"
frame1940.jpg,198615,"{}",1,0,"{""name"":""polygon"",""all_points_x"":[526,515,515,517,583,588,597,601,588,562,536,526],""all_points_y"":[345,233,220,199,194,238,315,338,355,356,354,345]}","{""Classes"":""car""}"
frame1950.jpg,198377,"{}",1,0,"{""name"":""polygon"",""all_points_x"":[527,522,519,512,519,514,530,562,586,592,597,601,600,567,542,527],""all_points_y"":[351,277,239,223,228,205,196,199,200,236,297,333,356,360,356,351]}","{""Classes"":""car""}"
frame1960.jpg,198552,"{}",1,0,"{""name"":""polygon"",""all_points_x"":[527,517,513,519,521,585,592,597,598,602,597,572,552,534,527],""all_points_y"":[347,236,221,226,199,202,240,277,309,338,356,360,360,357,347]}","{""Classes"":""car""}"
frame1970.jpg,198062,"{}",1,0,"{""name"":""polygon"",""all_points_x"":[526,524,524,522,515,522,521,523,527,565,591,594,596,598,601,597,565,526],""all_points_y"":[358,296,247,242,232,231,225,212,205,204,207,243,274,316,348,366,368,358]}","{""Classes"":""car""}"
frame1980.jpg,198761,"{}",1,0,"{""name"":""polygon"",""all_points_x"":[525,528,526,530,535,599,603,601,538,525],""all_points_y"":[364,247,242,241,214,219,270,379,381,364]}","{""Classes"":""car""}"
frame1990.jpg,198880,"{}",1,0,"{""name"":""polygon"",""all_points_x"":[524,528,537,545,604,610,606,600,598,567,532,524],""all_points_y"":[381,304,251,220,232,233,300,362,393,394,389,381]}","{""Classes"":""car""}"
frame2000.jpg,199104,"{}",1,0,"{""name"":""polygon"",""all_points_x"":[520,533,542,553,614,610,600,593,547,520],""all_points_y"":[385,313,267,234,246,296,372,408,402,385]}","{""Classes"":""car""}"
frame2010.jpg,199410,"{}",1,0,"{""name"":""polygon"",""all_points_x"":[515,525,535,548,561,623,616,606,597,593,588,564,536,515],""all_points_y"":[396,362,323,279,245,264,297,347,388,409,417,419,409,396]}","{""Classes"":""car""}"
frame2020.jpg,199372,"{}",1,0,"{""name"":""polygon"",""all_points_x"":[509,520,537,553,568,600,626,620,606,591,577,561,534,517,509],""all_points_y"":[405,371,330,293,260,270,283,318,361,400,433,435,430,419,405]}","{""Classes"":""car""}"
frame2030.jpg,199448,"{}",1,0,"{""name"":""polygon"",""all_points_x"":[501,535,559,576,632,619,597,577,567,524,501],""all_points_y"":[415,349,306,277,303,347,394,439,456,439,415]}","{""Classes"":""car""}"
frame2040.jpg,199465,"{}",1,0,"{""name"":""polygon"",""all_points_x"":[489,502,519,539,553,558,579,606,637,623,604,589,572,558,516,498,489],""all_points_y"":[432,414,386,357,336,321,295,307,328,359,393,420,447,470,457,444,432]}","{""Classes"":""car""}"
frame2050.jpg,199823,"{}",1,0,"{""name"":""polygon"",""all_points_x"":[481,492,515,539,555,559,584,637,626,622,618,617,615,610,610,584,567,558,546,536,528,511,502,481],""all_points_y"":[445,425,397,368,347,343,313,353,373,381,387,389,392,395,395,431,456,473,482,487,484,477,472,445]}","{""Classes"":""car""}"
frame2060.jpg,199317,"{}",1,0,"{""name"":""polygon"",""all_points_x"":[470,481,500,524,540,548,559,575,587,601,623,631,636,624,611,599,587,574,561,553,547,540,527,510,492,482,474,470],""all_points_y"":[450,434,415,396,377,368,355,341,331,341,360,372,380,396,409,423,437,450,469,481,490,495,502,492,482,469,458,450]}","{""Classes"":""car""}"
frame2070.jpg,199531,"{}",1,0,"{""name"":""polygon"",""all_points_x"":[458,463,484,514,542,556,588,631,613,593,525,507,476,460,458],""all_points_y"":[462,453,445,411,388,367,350,394,419,438,502,514,495,469,462]}","{""Classes"":""car""}"
frame2080.jpg,199965,"{}",1,0,"{""name"":""polygon"",""all_points_x"":[445,474,505,534,549,583,604,624,611,593,573,547,521,507,496,486,463,450,445],""all_points_y"":[464,443,422,406,389,370,395,421,439,452,468,486,507,520,526,529,511,488,464]}","{""Classes"":""car""}"
frame2090.jpg,199637,"{}",1,0,"{""name"":""polygon"",""all_points_x"":[430,459,474,495,513,524,542,583,623,583,552,517,490,466,451,437,430],""all_points_y"":[475,462,449,437,424,419,402,385,443,471,491,514,532,540,521,494,475]}","{""Classes"":""car""}"
frame2100.jpg,199702,"{}",1,0,"{""name"":""polygon"",""all_points_x"":[418,425,440,458,482,500,521,535,577,610,580,529,483,455,446,427,419,418],""all_points_y"":[478,470,469,460,452,441,434,414,401,463,482,512,533,543,541,520,494,478]}","{""Classes"":""car""}"
frame2110.jpg,199802,"{}",1,0,"{""name"":""polygon"",""all_points_x"":[406,439,476,503,509,528,568,599,559,509,469,438,414,409,406],""all_points_y"":[484,462,451,444,442,431,417,479,501,522,535,547,515,494,484]}","{""Classes"":""car""}"
frame2120.jpg,199778,"{}",1,0,"{""name"":""polygon"",""all_points_x"":[393,438,497,512,565,588,576,525,499,470,438,418,404,397,393],""all_points_y"":[485,466,456,444,432,492,502,519,532,542,553,551,528,500,485]}","{""Classes"":""car""}"
frame2130.jpg,199749,"{}",1,0,"{""name"":""polygon"",""all_points_x"":[397,385,382,385,415,441,466,479,487,510,554,573,552,524,483,435,410,397],""all_points_y"":[553,527,509,483,473,468,463,462,463,452,446,514,523,527,540,551,554,553]}","{""Classes"":""car""}"
frame2140.jpg,199834,"{}",1,0,"{""name"":""polygon"",""all_points_x"":[379,367,366,369,404,444,470,473,488,503,539,551,553,519,481,441,400,379],""all_points_y"":[559,528,514,483,477,470,466,470,464,460,460,509,525,537,546,552,555,559]}","{""Classes"":""car""}"
frame2150.jpg,199888,"{}",1,0,"{""name"":""polygon"",""all_points_x"":[360,349,347,353,407,424,450,472,520,534,496,455,428,360],""all_points_y"":[558,532,492,484,476,473,477,466,459,534,545,550,551,558]}","{""Classes"":""car""}"
frame2160.jpg,199697,"{}",1,0,"{""name"":""polygon"",""all_points_x"":[340,322,334,381,428,456,504,513,465,424,375,340],""all_points_y"":[559,514,485,479,478,470,470,536,550,552,561,559]}","{""Classes"":""car""}"
frame2170.jpg,200044,"{}",1,0,"{""name"":""polygon"",""all_points_x"":[313,306,312,331,363,392,411,434,483,496,410,359,313],""all_points_y"":[565,528,487,484,482,478,485,472,473,543,561,562,565]}","{""Classes"":""car""}"
frame2180.jpg,199685,"{}",1,0,"{""name"":""polygon"",""all_points_x"":[297,287,285,295,368,389,400,432,463,471,418,349,297],""all_points_y"":[567,534,502,485,478,482,478,476,477,549,562,568,567]}","{""Classes"":""car""}"
frame2190.jpg,199779,"{}",1,0,"{""name"":""polygon"",""all_points_x"":[272,266,260,265,272,304,321,349,358,362,379,384,389,434,446,448,402,358,272],""all_points_y"":[568,547,522,505,487,487,487,487,487,491,486,486,486,485,489,561,563,565,568]}","{""Classes"":""car""}"
frame2200.jpg,199916,"{}",1,0,"{""name"":""polygon"",""all_points_x"":[248,241,244,246,251,263,306,328,347,356,362,371,404,424,426,426,428,426,413,396,362,334,308,272,252,248],""all_points_y"":[565,542,509,498,489,486,488,487,489,490,490,490,492,496,518,530,547,561,570,571,572,571,567,567,565,565]}","{""Classes"":""car""}"
frame2210.jpg,200006,"{}",1,0,"{""name"":""polygon"",""all_points_x"":[226,219,222,224,229,241,284,306,325,334,340,349,382,402,404,404,406,404,391,374,340,312,286,250,230,226],""all_points_y"":[565,542,509,498,489,486,488,487,489,490,490,490,492,496,518,530,547,561,570,571,572,571,567,567,565,565]}","{""Classes"":""car""}"
frame2220.jpg,200244,"{}",1,0,"{""name"":""polygon"",""all_points_x"":[205,198,201,203,208,220,263,285,304,313,319,328,361,381,383,383,385,383,370,353,319,291,265,229,209,205],""all_points_y"":[567,544,511,500,491,488,490,489,491,492,492,492,494,498,520,532,549,563,572,573,574,573,569,569,567,567]}","{""Classes"":""car""}"
frame2230.jpg,199835,"{}",1,0,"{""name"":""polygon"",""all_points_x"":[187,180,183,185,190,202,245,267,286,295,301,310,343,363,365,365,367,363,351,334,301,273,247,211,191,187],""all_points_y"":[564,541,508,497,488,485,487,486,488,489,489,489,491,495,517,529,546,560,574,572,571,570,566,566,564,564]}","{""Classes"":""car""}"
frame2240.jpg,200113,"{}",1,0,"{""name"":""polygon"",""all_points_x"":[164,157,160,162,167,179,222,244,263,272,278,287,320,340,342,342,344,342,329,312,278,250,224,188,168,164],""all_points_y"":[561,538,505,494,485,482,484,483,485,486,486,486,488,492,514,526,543,557,566,567,568,567,563,563,561,561]}","{""Classes"":""car""}"
frame2250.jpg,199984,"{}",1,0,"{""name"":""polygon"",""all_points_x"":[150,143,146,148,153,165,208,230,249,258,264,273,306,326,325,325,324,328,315,298,264,236,210,174,154,150],""all_points_y"":[562,539,506,495,486,483,485,484,486,487,487,487,489,493,513,528,546,558,567,568,569,568,564,564,562,562]}","{""Classes"":""car""}"
frame2260.jpg,200172,"{}",1,0,"{""name"":""polygon"",""all_points_x"":[147,140,143,145,150,162,205,227,246,255,261,270,303,311,310,308,308,309,306,295,261,233,207,171,151,147],""all_points_y"":[560,537,504,493,484,481,483,482,484,485,485,485,487,497,512,527,535,545,558,566,567,566,562,562,560,560]}","{""Classes"":""car""}"
frame2270.jpg,200091,"{}",1,0,"{""name"":""polygon"",""all_points_x"":[129,122,125,127,132,144,187,209,228,237,243,252,285,293,292,290,290,291,288,277,243,215,189,153,133,129],""all_points_y"":[560,537,504,493,484,481,483,482,484,485,485,485,487,497,512,527,535,545,558,566,567,566,562,562,560,560]}","{""Classes"":""car""}"
frame2280.jpg,199989,"{}",1,0,"{""name"":""polygon"",""all_points_x"":[113,106,109,111,116,128,171,193,212,221,227,236,269,277,276,274,274,275,272,261,227,199,173,137,117,113],""all_points_y"":[558,535,502,491,482,479,481,480,482,483,483,483,485,495,510,525,533,543,556,564,565,564,560,560,558,558]}","{""Classes"":""car""}"
frame2290.jpg,200118,"{}",1,0,"{""name"":""polygon"",""all_points_x"":[95,88,91,93,98,110,153,175,194,203,209,218,251,259,258,256,256,257,254,243,209,181,155,119,99,95],""all_points_y"":[558,535,502,491,482,479,481,480,482,483,483,483,485,495,510,525,533,543,556,564,565,564,560,560,558,558]}","{""Classes"":""car""}"
frame2300.jpg,200302,"{}",1,0,"{""name"":""polygon"",""all_points_x"":[78,71,74,76,81,93,136,158,177,186,192,201,234,242,241,239,239,240,237,226,192,164,138,102,82,78],""all_points_y"":[556,533,500,489,480,477,479,478,480,481,481,481,483,493,508,523,531,541,554,562,563,562,558,558,556,556]}","{""Classes"":""car""}"
frame2310.jpg,200324,"{}",1,0,"{""name"":""polygon"",""all_points_x"":[61,54,57,59,64,76,119,141,160,169,175,184,217,225,224,222,222,223,220,209,175,147,121,85,65,61],""all_points_y"":[553,530,497,486,477,474,476,475,477,478,478,478,480,490,505,520,528,538,551,559,560,559,555,555,553,553]}","{""Classes"":""car""}"
frame2320.jpg,200317,"{}",1,0,"{""name"":""polygon"",""all_points_x"":[47,40,43,45,50,62,105,127,146,155,161,170,203,211,210,208,208,209,206,195,161,133,107,71,51,47],""all_points_y"":[553,530,497,486,477,474,476,475,477,478,478,478,480,490,505,520,528,538,551,559,560,559,555,555,553,553]}","{""Classes"":""car""}"
frame2330.jpg,200022,"{}",1,0,"{""name"":""polygon"",""all_points_x"":[47,40,43,45,50,62,105,127,146,155,161,170,194,196,192,190,195,191,190,187,161,133,107,71,51,47],""all_points_y"":[553,530,497,486,477,474,476,475,477,478,478,478,486,500,505,520,529,536,546,558,560,559,555,555,553,553]}","{""Classes"":""car""}"
frame2340.jpg,200118,"{}",1,0,"{""name"":""polygon"",""all_points_x"":[25,18,21,23,28,40,83,105,124,133,139,148,172,174,170,168,173,169,168,165,139,111,85,49,29,25],""all_points_y"":[552,529,496,485,476,473,475,474,476,477,477,477,485,499,504,519,528,535,545,557,559,558,554,554,552,552]}","{""Classes"":""car""}"
frame2350.jpg,200168,"{}",1,0,"{""name"":""polygon"",""all_points_x"":[8,1,4,6,11,23,66,88,107,116,122,131,150,155,153,151,156,152,151,148,122,94,68,32,12,8],""all_points_y"":[551,528,495,484,475,472,474,473,475,476,476,476,482,500,503,518,527,534,544,556,558,557,553,553,551,551]}","{""Classes"":""car""}"
frame2360.jpg,200067,"{}",1,0,"{""name"":""polygon"",""all_points_x"":[1,51,74,82,126,123,76,29,2,0,1],""all_points_y"":[473,478,473,472,481,542,545,539,532,535,473]}","{""Classes"":""car""}"
frame2370.jpg,200067,"{}",1,0,"{""name"":""polygon"",""all_points_x"":[3,35,68,102,104,59,3,3],""all_points_y"":[473,478,473,476,541,539,539,473]}","{""Classes"":""car""}"
frame2380.jpg,199923,"{}",0,0,"{}","{}"
frame2390.jpg,199555,"{}",0,0,"{}","{}"
frame2400.jpg,199709,"{}",0,0,"{}","{}"
frame2410.jpg,199846,"{}",0,0,"{}","{}"
frame2420.jpg,199881,"{}",0,0,"{}","{}"